mesh_n,mesh_id,phase,water_molecules_primitive,cp2k_native_energy_Ha_per_primitive,cp2k_binary_sha256,input_sha256,input_file,input_settings_qualification,output_sha256,raw_output,qualification
1,k111-reduced,Ih,12,-918.879863282961082,b0dacc7dea4035ea5fb817eb1054f2b288016bfb63c9a96bceca878a44524c2f,3673de9e1094252aa04e9be64b58c01b6d74d50ffe8524ade7f47c1c876bdfdd,raw/cp2k_native/k111-reduced/Ih/input.inp,PASS,5901ceb34aefc720eab35178a8a83bd87c5269dbb276e7b50c8901d857fd61b7,raw/cp2k_native/k111-reduced/Ih/cp2k.out,PASS
1,k111-reduced,II,12,-919.270201933285421,b0dacc7dea4035ea5fb817eb1054f2b288016bfb63c9a96bceca878a44524c2f,e1eec746f7150ba82ea11d79403ac6678c03857854288272ab6aaf0b5aa46b9c,raw/cp2k_native/k111-reduced/II/input.inp,PASS,10d8c60100404a3bfd4c6e512276964a4f58b9ff1bd52c7c62886751a11ba849,raw/cp2k_native/k111-reduced/II/cp2k.out,PASS
1,k111-reduced,III,12,-919.121119174105729,b0dacc7dea4035ea5fb817eb1054f2b288016bfb63c9a96bceca878a44524c2f,6fa35133741c647f890713a2668c58c4838497c37cea4ba8e1db87d9643a3e0f,raw/cp2k_native/k111-reduced/III/input.inp,PASS,8fba8f2ee63052ed7a9140c09663365a87d1a10019a2f260571c1edf93755cab,raw/cp2k_native/k111-reduced/III/cp2k.out,PASS
1,k111-reduced,IV,16,-1224.937515610710079,b0dacc7dea4035ea5fb817eb1054f2b288016bfb63c9a96bceca878a44524c2f,ef4969ebb412bdf98cfb90b0142f64dfaf6db1f5e5a1f93b7299d43ff9098204,raw/cp2k_native/k111-reduced/IV/input.inp,PASS,d2af53f4c0ab5720c37ee9c0054d10723a6b1ad82a81ecaca9c95b706e25192a,raw/cp2k_native/k111-reduced/IV/cp2k.out,PASS
1,k111-reduced,VI,10,-766.190091969279592,b0dacc7dea4035ea5fb817eb1054f2b288016bfb63c9a96bceca878a44524c2f,12ded1a9ebd970d01757ad96d2dca20c32d27a1e151b05c625336690464c4ba1,raw/cp2k_native/k111-reduced/VI/input.inp,PASS,ba41d0b9b8b3e40d6d75a652875ecd57d9151c1ecc1041fb3f468358d63c25e1,raw/cp2k_native/k111-reduced/VI/cp2k.out,PASS
1,k111-reduced,VII,12,-921.127998036994313,b0dacc7dea4035ea5fb817eb1054f2b288016bfb63c9a96bceca878a44524c2f,22f1b1a0b46583b5123d921b502edbb4adf154a7f9acd807ebc310a8c7ec8200,raw/cp2k_native/k111-reduced/VII/input.inp,PASS,2d9112510cae837111b9de8df23c28a93ce658cf796edee0c2b7c91bbe9d39c3,raw/cp2k_native/k111-reduced/VII/cp2k.out,PASS
1,k111-reduced,VIII,8,-613.278806186086854,b0dacc7dea4035ea5fb817eb1054f2b288016bfb63c9a96bceca878a44524c2f,e99b144fba50d02766391517bdba46cc430ff384bdf6e72be68704690962fe98,raw/cp2k_native/k111-reduced/VIII/input.inp,PASS,30d3c5beb58d93f5aa24ab46c68365bebf7f458532ca6a1e2a28a8f4d89ad7df,raw/cp2k_native/k111-reduced/VIII/cp2k.out,PASS
1,k111-reduced,IX,12,-919.045637223529525,b0dacc7dea4035ea5fb817eb1054f2b288016bfb63c9a96bceca878a44524c2f,8d3dcf0053d43baa14680cf1d8e9ccd1703ff027d65dc2eda0a21c0add6248dc,raw/cp2k_native/k111-reduced/IX/input.inp,PASS,f5ee857279a8cf0367225f966344c88ca24741d7d11c3a99a8d638fdd56c1c42,raw/cp2k_native/k111-reduced/IX/cp2k.out,PASS
1,k111-reduced,XI,8,-613.498427919938194,b0dacc7dea4035ea5fb817eb1054f2b288016bfb63c9a96bceca878a44524c2f,f4f202455458245b653cf090dc5f136b209039b030534970b9df1b2351d93b1d,raw/cp2k_native/k111-reduced/XI/input.inp,PASS,e0470f666cfcb8a00a3a0f90eac6d0b7845a6c3fd9ac81ca015d38451600cbc6,raw/cp2k_native/k111-reduced/XI/cp2k.out,PASS
1,k111-reduced,XIII,28,-2143.877423954549158,b0dacc7dea4035ea5fb817eb1054f2b288016bfb63c9a96bceca878a44524c2f,71d55e9b423d3a1eaea77e543bb11380fd6266fe34b4c4bbacafaaaf45908e74,raw/cp2k_native/k111-reduced/XIII/input.inp,PASS,8c5ec468fe26b756b6d05c6a9d7538fdb0c40dca1e780f9741afa951a3588b60,raw/cp2k_native/k111-reduced/XIII/cp2k.out,PASS
1,k111-reduced,XIV,12,-920.488501440662958,b0dacc7dea4035ea5fb817eb1054f2b288016bfb63c9a96bceca878a44524c2f,add45b45af393ecc80a11fa13c1d18419b54df324df35ffb9cd13634bf99e503,raw/cp2k_native/k111-reduced/XIV/input.inp,PASS,e27ea9dde43368071823146a30cdb0e0e575b7de707b1d906e1515b0af54575e,raw/cp2k_native/k111-reduced/XIV/cp2k.out,PASS
1,k111-reduced,XV,10,-766.194680626212062,b0dacc7dea4035ea5fb817eb1054f2b288016bfb63c9a96bceca878a44524c2f,4f506a7ca1f5c757f8c9fcded51ac15ef8ec42a4ad1c5394a3fc0b8643e4d1e6,raw/cp2k_native/k111-reduced/XV/input.inp,PASS,23ff3faccc8b4d0d6c01ea7420343f8cd7a55c9ec2046d84d2b9e668d0aa36ca,raw/cp2k_native/k111-reduced/XV/cp2k.out,PASS
1,k111-reduced,XVII,6,-459.696995635702137,b0dacc7dea4035ea5fb817eb1054f2b288016bfb63c9a96bceca878a44524c2f,d388c514939c0b4bf1304b4f764f54398c6579c87fc3887dfa57c037ec5b2d85,raw/cp2k_native/k111-reduced/XVII/input.inp,PASS,bb8eafc9e2db694cd327c953c52dc26ec00330f04b1985bb6379b0e28cd5d7bc,raw/cp2k_native/k111-reduced/XVII/cp2k.out,PASS
2,k222-reduced,Ih,12,-917.687114386895018,b0dacc7dea4035ea5fb817eb1054f2b288016bfb63c9a96bceca878a44524c2f,b748035f369c4313b5928855e86d8c412e772a029e634c633af93463d7afbec8,raw/cp2k_native/k222-reduced/Ih/input.inp,PASS,350ee1a466a3bade4a9fda704c9717647573abebadc0d95cdcc37e2bde96b2e8,raw/cp2k_native/k222-reduced/Ih/cp2k.out,PASS
2,k222-reduced,II,12,-917.870177901966599,b0dacc7dea4035ea5fb817eb1054f2b288016bfb63c9a96bceca878a44524c2f,8de47e1ee964b16a73e7f9298f5efa9ff988dee169406443436eb5bde2b0b554,raw/cp2k_native/k222-reduced/II/input.inp,PASS,cdd02d2d29018c6649a88d174225a851e53443f554161d4a617d63089b4addc4,raw/cp2k_native/k222-reduced/II/cp2k.out,PASS
2,k222-reduced,III,12,-917.786155901661687,b0dacc7dea4035ea5fb817eb1054f2b288016bfb63c9a96bceca878a44524c2f,44d85dcb89dbc2d4b8ba7265309142da8a95602fcc7f1cd357a8e55aa215c1a9,raw/cp2k_native/k222-reduced/III/input.inp,PASS,4d7fdbe5bfcf4c5c282fb03997ca5e8c87faed804b2f06d6ac97079747e39b55,raw/cp2k_native/k222-reduced/III/cp2k.out,PASS
2,k222-reduced,IV,16,-1223.491855006164542,b0dacc7dea4035ea5fb817eb1054f2b288016bfb63c9a96bceca878a44524c2f,ffab4041aac3433da46a348ea031b414cead5389e00a09f43e6ab03300fab7e8,raw/cp2k_native/k222-reduced/IV/input.inp,PASS,e802be5278653f3c1fdc63c9dc55fe907e2dec590cf2dd38b379a81e2cb342d6,raw/cp2k_native/k222-reduced/IV/cp2k.out,PASS
2,k222-reduced,VI,10,-764.957762390368771,b0dacc7dea4035ea5fb817eb1054f2b288016bfb63c9a96bceca878a44524c2f,d25ce8a2ccd6951aa6606d631cba892e7995becf8081a6773d78847b5f47fb87,raw/cp2k_native/k222-reduced/VI/input.inp,PASS,a879cc9f136ec84f471cf92fc8b34de74b27cff979647cb2df06677a494d2066,raw/cp2k_native/k222-reduced/VI/cp2k.out,PASS
2,k222-reduced,VII,12,-919.058168742293333,b0dacc7dea4035ea5fb817eb1054f2b288016bfb63c9a96bceca878a44524c2f,a3ae9af9154ff0278f0f27482c15c5ca199656ef490a107b505a5ea360e0beac,raw/cp2k_native/k222-reduced/VII/input.inp,PASS,10813dda0d7a05cc65b16f1a5cd5ad15b9bda19e345726a089cf92cd8934f7a6,raw/cp2k_native/k222-reduced/VII/cp2k.out,PASS
2,k222-reduced,VIII,8,-612.161605395580182,b0dacc7dea4035ea5fb817eb1054f2b288016bfb63c9a96bceca878a44524c2f,1e0658ea7d318fa7b2891a560802204f69a3827c94f4158fb5d629d97a9b02b5,raw/cp2k_native/k222-reduced/VIII/input.inp,PASS,4e0c13484cfe995a25dd10e17719ad2f8d05c58786be90d29d65d0274976227b,raw/cp2k_native/k222-reduced/VIII/cp2k.out,PASS
2,k222-reduced,IX,12,-917.754809069559201,b0dacc7dea4035ea5fb817eb1054f2b288016bfb63c9a96bceca878a44524c2f,0be90948cf7312ee0cd87e9c43bb9449b858a274040deaabe65008c0798e59ce,raw/cp2k_native/k222-reduced/IX/input.inp,PASS,b7dfb0117634bc7f4ddea401e02e3985f7295298aff0f8e30eb59edbed3100b0,raw/cp2k_native/k222-reduced/IX/cp2k.out,PASS
2,k222-reduced,XI,8,-612.294892593739633,b0dacc7dea4035ea5fb817eb1054f2b288016bfb63c9a96bceca878a44524c2f,505248de4984b0b146f09a78640748977f3d84c2336274cac45fbf6ec5782473,raw/cp2k_native/k222-reduced/XI/input.inp,PASS,3c1b26ee67c9fd1f0b9c631a719c0bd4de137f5807c54b47b380bda58c44170b,raw/cp2k_native/k222-reduced/XI/cp2k.out,PASS
2,k222-reduced,XIII,28,-2141.196642339084065,b0dacc7dea4035ea5fb817eb1054f2b288016bfb63c9a96bceca878a44524c2f,463f307b0a9601408e6cad286112206c170affe736de8fc53663e14201f097b2,raw/cp2k_native/k222-reduced/XIII/input.inp,PASS,7799d1ffc1515cf555dac51acc1ff674a7ca40dcd54e3f9ba4636646144ada6a,raw/cp2k_native/k222-reduced/XIII/cp2k.out,PASS
2,k222-reduced,XIV,12,-918.599430051627451,b0dacc7dea4035ea5fb817eb1054f2b288016bfb63c9a96bceca878a44524c2f,1979900ed9d5383d6011c2d35d502d2c442c63d4efd7f3cc1b5109156a022cfd,raw/cp2k_native/k222-reduced/XIV/input.inp,PASS,2ae8e2472da0f0307062b834abaa11ad042a344e73b9faf86cd97cd368b125a0,raw/cp2k_native/k222-reduced/XIV/cp2k.out,PASS
2,k222-reduced,XV,10,-764.960345852940122,b0dacc7dea4035ea5fb817eb1054f2b288016bfb63c9a96bceca878a44524c2f,4979ba32910aa29269ed1191149cd7828e463fddd0b193326a1d25eba765f235,raw/cp2k_native/k222-reduced/XV/input.inp,PASS,0d61ce720a7248eb7259af941ee95da002af98673c5810a456e913707e47e413,raw/cp2k_native/k222-reduced/XV/cp2k.out,PASS
2,k222-reduced,XVII,6,-458.961383263706466,b0dacc7dea4035ea5fb817eb1054f2b288016bfb63c9a96bceca878a44524c2f,265692cdca09516e68b10022a5291326c1cc39fc664a0ad60191b15eb0999a1b,raw/cp2k_native/k222-reduced/XVII/input.inp,PASS,d21ea1a35f1fbb0ef322bef8637fe2d271e236ce26f764baf421c20b83114a80,raw/cp2k_native/k222-reduced/XVII/cp2k.out,PASS
3,k333-reduced,Ih,12,-917.495889060008153,b0dacc7dea4035ea5fb817eb1054f2b288016bfb63c9a96bceca878a44524c2f,d4e2bc5b624b25370962ba3270abe8bd918d29601bf2d310f1003b40ea7a83b4,raw/cp2k_native/k333-reduced/Ih/input.inp,PASS,8f58030f9dff4b9b322c8c0292bbae34df1591f1b05faa6e418c52e8fde2aafc,raw/cp2k_native/k333-reduced/Ih/cp2k.out,PASS
3,k333-reduced,II,12,-917.537262315681460,b0dacc7dea4035ea5fb817eb1054f2b288016bfb63c9a96bceca878a44524c2f,553d95f78758fcbdf1b57fffae4ef7f1a1cde5ba83d418867ae08476ccb2096a,raw/cp2k_native/k333-reduced/II/input.inp,PASS,55d6e7039404df06bebf7cdee59f05bf2a2cfa40992592a6e7e0454e54b7185d,raw/cp2k_native/k333-reduced/II/cp2k.out,PASS
3,k333-reduced,III,12,-917.506399566835626,b0dacc7dea4035ea5fb817eb1054f2b288016bfb63c9a96bceca878a44524c2f,d8b9fa3021c6e499b5f6c4f4132a883d7e18ea0162a5e90432e1aeec3199d7f2,raw/cp2k_native/k333-reduced/III/input.inp,PASS,6b2350b4f2de39c36418b0e7f824a924daeb04b3a88160f55c402af5dffed0c2,raw/cp2k_native/k333-reduced/III/cp2k.out,PASS
3,k333-reduced,IV,16,-1223.310152766876172,b0dacc7dea4035ea5fb817eb1054f2b288016bfb63c9a96bceca878a44524c2f,aedda079584e2c3ef4a832326a571f6ef69e45ac4909bda3a4f85b453f1727b2,raw/cp2k_native/k333-reduced/IV/input.inp,PASS,13c036b47d5b3f5eaa160d4ffc8f919460244c2429a8b08458bed35f32641abd,raw/cp2k_native/k333-reduced/IV/cp2k.out,PASS
3,k333-reduced,VI,10,-764.626835855699483,b0dacc7dea4035ea5fb817eb1054f2b288016bfb63c9a96bceca878a44524c2f,db5c777a01be81efb6faca8906a0118f36197f59a792cab36c6d541534c1c17a,raw/cp2k_native/k333-reduced/VI/input.inp,PASS,2342d48c686022639dc66b9e50f1c2e04bc8039692bd632f2505d6944d996223,raw/cp2k_native/k333-reduced/VI/cp2k.out,PASS
3,k333-reduced,VII,12,-918.199289561648811,b0dacc7dea4035ea5fb817eb1054f2b288016bfb63c9a96bceca878a44524c2f,820fe788e305e83d052d8990de6884ff695c8b0355703484435d8fdd91f83dab,raw/cp2k_native/k333-reduced/VII/input.inp,PASS,ad95ad107b2b48f8ba92fbf942fde6954b0a6ff967fb17555c4877f92b71e7ac,raw/cp2k_native/k333-reduced/VII/cp2k.out,PASS
3,k333-reduced,VIII,8,-611.781195175949392,b0dacc7dea4035ea5fb817eb1054f2b288016bfb63c9a96bceca878a44524c2f,a808ed5afdfb7992210dfe619b149e5b2944ba8d58d0f70f36e79890dd19fc86,raw/cp2k_native/k333-reduced/VIII/input.inp,PASS,555b46201db7dcefcedd32bfd2976f1229fd1035761fc68326faf89654fdd9d1,raw/cp2k_native/k333-reduced/VIII/cp2k.out,PASS
3,k333-reduced,IX,12,-917.507137198977944,b0dacc7dea4035ea5fb817eb1054f2b288016bfb63c9a96bceca878a44524c2f,2c836fe73157e94633e9a09a88affd1b67dee9b00644540880d4d0c0b84ebc68,raw/cp2k_native/k333-reduced/IX/input.inp,PASS,9e9109fd0b0674ee769d4675177cba54e344859cd856aca3797b38150de9968f,raw/cp2k_native/k333-reduced/IX/cp2k.out,PASS
3,k333-reduced,XI,8,-611.854436577004890,b0dacc7dea4035ea5fb817eb1054f2b288016bfb63c9a96bceca878a44524c2f,f6c64b471c9d2e05dc6848311cd73091b1430ba7050117e809fd12cc6621cc6c,raw/cp2k_native/k333-reduced/XI/input.inp,PASS,5504d25c4c17a0f32bbc5b18a49db2b3cc60cd843826c6434dae5be6afb8a1e4,raw/cp2k_native/k333-reduced/XI/cp2k.out,PASS
3,k333-reduced,XIII,28,-2140.813857906366593,b0dacc7dea4035ea5fb817eb1054f2b288016bfb63c9a96bceca878a44524c2f,80455d5f796b8856c51c51809f872d737969bcd0ebe3d52f6ae4ba704203543c,raw/cp2k_native/k333-reduced/XIII/input.inp,PASS,c4040bf78e1bc4019549fc4aed1e0246c0a70527071cc15791dbb3be7bfbb8a1,raw/cp2k_native/k333-reduced/XIII/cp2k.out,PASS
3,k333-reduced,XIV,12,-917.879357610311786,b0dacc7dea4035ea5fb817eb1054f2b288016bfb63c9a96bceca878a44524c2f,053e6efe38fb7c8d6a97a3c2339f0b7d5d04023d4b406e0f00dffe19240ac371,raw/cp2k_native/k333-reduced/XIV/input.inp,PASS,69cf99cb464b9d44e00df6694c6792befb303046d4f4ef806d717d74a793472a,raw/cp2k_native/k333-reduced/XIV/cp2k.out,PASS
3,k333-reduced,XV,10,-764.627690823530770,b0dacc7dea4035ea5fb817eb1054f2b288016bfb63c9a96bceca878a44524c2f,a7bcdd2947917662da2249de172ae36bf73402606051b6c9b041bb1da1f88b8e,raw/cp2k_native/k333-reduced/XV/input.inp,PASS,7662f6ab8079ee5ddce1c03c8781de34c5a3f9972e56912787a5880ae00b3271,raw/cp2k_native/k333-reduced/XV/cp2k.out,PASS
3,k333-reduced,XVII,6,-458.771863144769441,b0dacc7dea4035ea5fb817eb1054f2b288016bfb63c9a96bceca878a44524c2f,b9c78fbe495288fd1f98f07a96ff921ce5826e8c416be0db723c7c3e4a6e8220,raw/cp2k_native/k333-reduced/XVII/input.inp,PASS,e8ce9e1b46f8e2cd1cbe22c7dc094e45e1768d16e38b56f4679eaf6044631200,raw/cp2k_native/k333-reduced/XVII/cp2k.out,PASS
4,k444-reduced,Ih,12,-917.480804555006102,b0dacc7dea4035ea5fb817eb1054f2b288016bfb63c9a96bceca878a44524c2f,d73ebefb583462392cc6cb7ed11aa16db329853ec74a37e9ea42be059c2a0047,raw/cp2k_native/k444-reduced/Ih/input.inp,PASS,beca796a44a0aed7a4097deb996dc051322d51e417977beadfcc8e60889cc55d,raw/cp2k_native/k444-reduced/Ih/cp2k.out,PASS
4,k444-reduced,II,12,-917.492291028489035,b0dacc7dea4035ea5fb817eb1054f2b288016bfb63c9a96bceca878a44524c2f,544be2436965d6141d323939f6e1412dd8f67398e379b85a5be16d90f403ab8e,raw/cp2k_native/k444-reduced/II/input.inp,PASS,5ec40d2356af2e13f390437470de8c8ea381934f678cda9807917f4c562c9ed2,raw/cp2k_native/k444-reduced/II/cp2k.out,PASS
4,k444-reduced,III,12,-917.475027203721083,b0dacc7dea4035ea5fb817eb1054f2b288016bfb63c9a96bceca878a44524c2f,bd6d3e04afd51350ebc1ac374eb1d8108dd99abadd97214ecb81921b68cdda99,raw/cp2k_native/k444-reduced/III/input.inp,PASS,6bebccebba4b7520cbec810c61163c0249b36bcd0db20f0d2a11dfc5671c5475,raw/cp2k_native/k444-reduced/III/cp2k.out,PASS
4,k444-reduced,IV,16,-1223.299172848712942,b0dacc7dea4035ea5fb817eb1054f2b288016bfb63c9a96bceca878a44524c2f,0723c5535a16e64344160637275c60bfda3c10b5b7108b407f04177a8d5fa1f9,raw/cp2k_native/k444-reduced/IV/input.inp,PASS,2cd2557462705f19db0b9a3f1b30e3a56a4a9ec74db3be44bf82896fb786a4e5,raw/cp2k_native/k444-reduced/IV/cp2k.out,PASS
4,k444-reduced,VI,10,-764.571328960676851,b0dacc7dea4035ea5fb817eb1054f2b288016bfb63c9a96bceca878a44524c2f,e78ec0408a935453c8dc56dc718a4aab2ee8a1d7a7c734a9ad5d7be3c674b707,raw/cp2k_native/k444-reduced/VI/input.inp,PASS,b4f99f191e35732936797a382c1ee6bca4bb4c580c7449e7cc459e6d9428c03a,raw/cp2k_native/k444-reduced/VI/cp2k.out,PASS
4,k444-reduced,VII,12,-917.773115791423038,b0dacc7dea4035ea5fb817eb1054f2b288016bfb63c9a96bceca878a44524c2f,f47b7a01b4e294a684ea90431d9114eaffbd92ce298a164dba06bbc983b476fa,raw/cp2k_native/k444-reduced/VII/input.inp,PASS,1a2c377e2aad12ab4563f59117a193d7d61568ab09c3aa26d7f07060c051fba2,raw/cp2k_native/k444-reduced/VII/cp2k.out,PASS
4,k444-reduced,VIII,8,-611.672650059675902,b0dacc7dea4035ea5fb817eb1054f2b288016bfb63c9a96bceca878a44524c2f,160333392e48fa2b3a1fddb6e627be4516b56d49bbf7cb71e7a1063997691412,raw/cp2k_native/k444-reduced/VIII/input.inp,PASS,f1f8cb185023d7390e7fabe89d220fe00d52c37d8607e5fcbef2931536d55244,raw/cp2k_native/k444-reduced/VIII/cp2k.out,PASS
4,k444-reduced,IX,12,-917.482508782765308,b0dacc7dea4035ea5fb817eb1054f2b288016bfb63c9a96bceca878a44524c2f,9bc6f48a010edbb170480d89cc3a84cfd7f7ae38f5d853e542770bbf5a6e4bc4,raw/cp2k_native/k444-reduced/IX/input.inp,PASS,95a3da6fcb303e0e4aee79bff5160ba45f722ce4af31ba7cc499ae7af56a859c,raw/cp2k_native/k444-reduced/IX/cp2k.out,PASS
4,k444-reduced,XI,8,-611.699194429868612,b0dacc7dea4035ea5fb817eb1054f2b288016bfb63c9a96bceca878a44524c2f,195189b39772fee2e0ec96fdd28a29e5e43faa73b5ba11cc70047f95630f486b,raw/cp2k_native/k444-reduced/XI/input.inp,PASS,506a9317b481fca4b027199fa5aa778f05f0741a882d774bac1a08d23dea38f3,raw/cp2k_native/k444-reduced/XI/cp2k.out,PASS
4,k444-reduced,XIII,28,-2140.787231490209251,b0dacc7dea4035ea5fb817eb1054f2b288016bfb63c9a96bceca878a44524c2f,4d9e651f503c8b9e9427b9036869f7042e4a6d268e1e7c43b6cb0c1cbc80b492,raw/cp2k_native/k444-reduced/XIII/input.inp,PASS,7aa17476ab52564c1d7365e3369963dab51fc7b839bf9c2cf114c9510e35a86c,raw/cp2k_native/k444-reduced/XIII/cp2k.out,PASS
4,k444-reduced,XIV,12,-917.590215044435126,b0dacc7dea4035ea5fb817eb1054f2b288016bfb63c9a96bceca878a44524c2f,1d3bcb7c8eb872a4339bba187351c14755e631391c1a3f240f220956c41c1f90,raw/cp2k_native/k444-reduced/XIV/input.inp,PASS,d659c108d1d3e892de0f0edf12c568d3056f6cd87147fa6706a7bf87699568ff,raw/cp2k_native/k444-reduced/XIV/cp2k.out,PASS
4,k444-reduced,XV,10,-764.571516857904271,b0dacc7dea4035ea5fb817eb1054f2b288016bfb63c9a96bceca878a44524c2f,7e08f3d931b08c6ab47b0883688420a982676ded6b5a28c361fa973af24a4211,raw/cp2k_native/k444-reduced/XV/input.inp,PASS,32f9481cde90c0561308f006f0e43176ed593d454f50afc393fd2649eec520d7,raw/cp2k_native/k444-reduced/XV/cp2k.out,PASS
4,k444-reduced,XVII,6,-458.742064187678068,b0dacc7dea4035ea5fb817eb1054f2b288016bfb63c9a96bceca878a44524c2f,d4eefca6c552170552ece909a278f6ec8b5ff3a2b736fd8d80aa70bb45a96de6,raw/cp2k_native/k444-reduced/XVII/input.inp,PASS,0cb5ed566db86622b30b0179e1e2507be36f679c4015de50c10ba3054e837503,raw/cp2k_native/k444-reduced/XVII/cp2k.out,PASS
5,k555-reduced,Ih,12,-917.479835690371260,b0dacc7dea4035ea5fb817eb1054f2b288016bfb63c9a96bceca878a44524c2f,db5909708aac9a03312e7ea014455e3671a50586ae760c31d95a345c4d15393d,raw/cp2k_native/k555-reduced/Ih/input.inp,PASS,fdbd5d8d4386e00155524bd11337b6d3cd4de5cae0ce9d17d0abc19dcfc7097a,raw/cp2k_native/k555-reduced/Ih/cp2k.out,PASS
5,k555-reduced,II,12,-917.487839694659669,b0dacc7dea4035ea5fb817eb1054f2b288016bfb63c9a96bceca878a44524c2f,13cd9c9e6a420b6ad201063cd47e91328d3330a49c29ab2ebcb71361d2716ca8,raw/cp2k_native/k555-reduced/II/input.inp,PASS,5987952bae18fd81f57685d7700eb35ddbf45636434ff67f4da55f5b5d41deac,raw/cp2k_native/k555-reduced/II/cp2k.out,PASS
5,k555-reduced,III,12,-917.472351450497627,b0dacc7dea4035ea5fb817eb1054f2b288016bfb63c9a96bceca878a44524c2f,bd3445823a868265ccb4db5624cf7344a0b7ded778caaf0f7ecde532c6d97c62,raw/cp2k_native/k555-reduced/III/input.inp,PASS,41d4e08ce1a0fbc6a0339f77346bb04f9dbdbe0f9ad082019d5a20d44c6cc929,raw/cp2k_native/k555-reduced/III/cp2k.out,PASS
5,k555-reduced,IV,16,-1223.298605752454932,b0dacc7dea4035ea5fb817eb1054f2b288016bfb63c9a96bceca878a44524c2f,ddd5593c999fd3c3db2f439ee93d92427d8006e34dd14f5f574dea2c4fbbf037,raw/cp2k_native/k555-reduced/IV/input.inp,PASS,69d137d8a3a5ba528d31c4e0ee1e95e5126b58a177c2b698fbcfba912f710fa4,raw/cp2k_native/k555-reduced/IV/cp2k.out,PASS
5,k555-reduced,VI,10,-764.564795525474210,b0dacc7dea4035ea5fb817eb1054f2b288016bfb63c9a96bceca878a44524c2f,b7bbb936c7aa7b616cedf431e95b762fa8c9d51054a5486ba27c6e53733dc9d6,raw/cp2k_native/k555-reduced/VI/input.inp,PASS,141c027e4245119f991ed0deea6b9ca5ac4f0b65811c056418ecab484370e923,raw/cp2k_native/k555-reduced/VI/cp2k.out,PASS
5,k555-reduced,VII,12,-917.579752490804367,b0dacc7dea4035ea5fb817eb1054f2b288016bfb63c9a96bceca878a44524c2f,d68e8cdd71c53babaecf1f0ccc2c053098fec592373c080d8175b2585601bd5f,raw/cp2k_native/k555-reduced/VII/input.inp,PASS,2c3f1d4dc28aa0fa820c9820cf3ed8eaa1f9756e517a30b4a66722f65d5c298c,raw/cp2k_native/k555-reduced/VII/cp2k.out,PASS
5,k555-reduced,VIII,8,-611.651730817439329,b0dacc7dea4035ea5fb817eb1054f2b288016bfb63c9a96bceca878a44524c2f,dc576910bfc877fc8525667f8831693a2a99a107297964c66a8c19169a6fb5a1,raw/cp2k_native/k555-reduced/VIII/input.inp,PASS,5b168da5e4f3a9cbc3b97b26348bacfab6ebe83c5817fe1919ff45ac043892a7,raw/cp2k_native/k555-reduced/VIII/cp2k.out,PASS
5,k555-reduced,IX,12,-917.480599864321675,b0dacc7dea4035ea5fb817eb1054f2b288016bfb63c9a96bceca878a44524c2f,c6041c1716648388552fa3f36ff4ad032bfbd03b1b97866c496e6f27ef535a14,raw/cp2k_native/k555-reduced/IX/input.inp,PASS,c0baea875896e8d46bc447bfccccacfdce89a2edd13b125e146468a9528edeea,raw/cp2k_native/k555-reduced/IX/cp2k.out,PASS
5,k555-reduced,XI,8,-611.661028814057772,b0dacc7dea4035ea5fb817eb1054f2b288016bfb63c9a96bceca878a44524c2f,eae3a159b51991e3bca01d1acf40a907b6c3d86e2a9b272b4e9764528aa7cbd2,raw/cp2k_native/k555-reduced/XI/input.inp,PASS,69955737be69bd1dd1f6841b581ecfdb78e5f6e4f58e2ef6a944b5b5dab31b9f,raw/cp2k_native/k555-reduced/XI/cp2k.out,PASS
5,k555-reduced,XIII,28,-2140.785684318182575,b0dacc7dea4035ea5fb817eb1054f2b288016bfb63c9a96bceca878a44524c2f,d2bc86382149ae024e3a9435a78206eb9c402b8bb09cfc8547be2dc905c4f4cd,raw/cp2k_native/k555-reduced/XIII/input.inp,PASS,a1355e7271b1c5d006068512eae67ac2002f3ee5220f6bb463231e6012d1edc8,raw/cp2k_native/k555-reduced/XIII/cp2k.out,PASS
5,k555-reduced,XIV,12,-917.504801084404789,b0dacc7dea4035ea5fb817eb1054f2b288016bfb63c9a96bceca878a44524c2f,2491bb958424f66c7f657b57f359d047a6d84d5efb6bc3b497834e78e721d1a0,raw/cp2k_native/k555-reduced/XIV/input.inp,PASS,cebf053299f0f1c1846388651c9a30af0039e7c956038e35a2e8b91793ae124d,raw/cp2k_native/k555-reduced/XIV/cp2k.out,PASS
5,k555-reduced,XV,10,-764.564866770477238,b0dacc7dea4035ea5fb817eb1054f2b288016bfb63c9a96bceca878a44524c2f,5ba6025ccfe164fa86d6a831c1a4088447ab7d5349c80770f80913f1602976b5,raw/cp2k_native/k555-reduced/XV/input.inp,PASS,8946125dc08262e3917871c0c06626bff48508a1b68bd98a041178eac408684f,raw/cp2k_native/k555-reduced/XV/cp2k.out,PASS
5,k555-reduced,XVII,6,-458.738732575073186,b0dacc7dea4035ea5fb817eb1054f2b288016bfb63c9a96bceca878a44524c2f,d96bd4d23def4502938bfb11fe22cecaf885633f5a98d9c952e17f1064083992,raw/cp2k_native/k555-reduced/XVII/input.inp,PASS,a7d9d9ad329df8e22bd1d5fd3bf8a444615ab56b3b23439be1de78fdf27fbeeb,raw/cp2k_native/k555-reduced/XVII/cp2k.out,PASS
6,k666-reduced,Ih,12,-917.479775038322146,b0dacc7dea4035ea5fb817eb1054f2b288016bfb63c9a96bceca878a44524c2f,d508d1051a3e0d688b3b97d4f8196215693133f532023c77e1183265bd9e95fd,raw/cp2k_native/k666-reduced/Ih/input.inp,PASS,98adeb54b0a10eddc129ffc03342e135c994cced5c405518c66f44f8c6c164a6,raw/cp2k_native/k666-reduced/Ih/cp2k.out,PASS
6,k666-reduced,II,12,-917.487422224756529,b0dacc7dea4035ea5fb817eb1054f2b288016bfb63c9a96bceca878a44524c2f,c4e92ef8c08b5f2adc9dd2601ceb41ed08193a4ee435b41dd590bb8796449786,raw/cp2k_native/k666-reduced/II/input.inp,PASS,1ed463407680e01732446988764c5fb784247fad55479297a8b527fdc91ffe12,raw/cp2k_native/k666-reduced/II/cp2k.out,PASS
6,k666-reduced,III,12,-917.472132309129393,b0dacc7dea4035ea5fb817eb1054f2b288016bfb63c9a96bceca878a44524c2f,bead2111ea9fda0d7d409d0afce62f6016ce34f827479c20e1f913d82e3e46ce,raw/cp2k_native/k666-reduced/III/input.inp,PASS,0066d920764216412c814ae8a1ee9b546ff279ce01657800738bf5db3274755e,raw/cp2k_native/k666-reduced/III/cp2k.out,PASS
6,k666-reduced,IV,16,-1223.298576804208778,b0dacc7dea4035ea5fb817eb1054f2b288016bfb63c9a96bceca878a44524c2f,fd2e7f3cdb08dca34ef42923e2be02e1e0d34493b773e21cdd1746bd3a6813db,raw/cp2k_native/k666-reduced/IV/input.inp,PASS,e3ff417393e49c8e131150b0ba2f7a0b046ae114d8e2646478ca3a4438d3b13f,raw/cp2k_native/k666-reduced/IV/cp2k.out,PASS
6,k666-reduced,VI,10,-764.564078320854378,b0dacc7dea4035ea5fb817eb1054f2b288016bfb63c9a96bceca878a44524c2f,d219f7386c78adee564503f5a5cbbce80cad7a8afae3a0352d2edf112033e19e,raw/cp2k_native/k666-reduced/VI/input.inp,PASS,ed11b7902519a2f8ecffef38c8385440f9e3035c08b97d0d31e693ba1f3025ca,raw/cp2k_native/k666-reduced/VI/cp2k.out,PASS
6,k666-reduced,VII,12,-917.509869647424580,b0dacc7dea4035ea5fb817eb1054f2b288016bfb63c9a96bceca878a44524c2f,25f89520f3384f2e28f0cc34b4963b32ae9650cef44d46850c95f22baa066893,raw/cp2k_native/k666-reduced/VII/input.inp,PASS,f23731a66f84bcaa6e25f3d387c1e23229174e4888e389837f5011148e646c0e,raw/cp2k_native/k666-reduced/VII/cp2k.out,PASS
6,k666-reduced,VIII,8,-611.648292557172795,b0dacc7dea4035ea5fb817eb1054f2b288016bfb63c9a96bceca878a44524c2f,8b9a87cf1d8a529c2bc83527c4f64c5ecfd54f730aaa7a514d935dd9d6af2359,raw/cp2k_native/k666-reduced/VIII/input.inp,PASS,357cea113a56f528e6b6bf68fd9d8bc6f4a56ee279ea294820075d71f5b47f2e,raw/cp2k_native/k666-reduced/VIII/cp2k.out,PASS
6,k666-reduced,IX,12,-917.480457026959812,b0dacc7dea4035ea5fb817eb1054f2b288016bfb63c9a96bceca878a44524c2f,75c97b1e8f643552041035542a60dd78daf2fd819687dc5e109f7393299d9e9f,raw/cp2k_native/k666-reduced/IX/input.inp,PASS,577e5cdf99e7c832610316958d5b52aa7b932bc1991e9e12181071f5855fee34,raw/cp2k_native/k666-reduced/IX/cp2k.out,PASS
6,k666-reduced,XI,8,-611.653349944018260,b0dacc7dea4035ea5fb817eb1054f2b288016bfb63c9a96bceca878a44524c2f,a4fd2c02984b120426f5828c33edae6724e81f3d4dba87d85c9d18284eec7d7c,raw/cp2k_native/k666-reduced/XI/input.inp,PASS,e0b603d06f5b84a624f3f91bfeb6fcf1fb6d73fbe8c6a5aee583543bfcf93a19,raw/cp2k_native/k666-reduced/XI/cp2k.out,PASS
6,k666-reduced,XIV,12,-917.484642104134764,b0dacc7dea4035ea5fb817eb1054f2b288016bfb63c9a96bceca878a44524c2f,741f11dc8d20a25d02c7a049f0399e591a7949cf48e5a1bb37ecda0371a6b8fe,raw/cp2k_native/k666-reduced/XIV/input.inp,PASS,156dca0d166551b4977c8666bf084898c9ae205c72e4586c21ff4b577c923ab1,raw/cp2k_native/k666-reduced/XIV/cp2k.out,PASS
6,k666-reduced,XV,10,-764.564133105302403,b0dacc7dea4035ea5fb817eb1054f2b288016bfb63c9a96bceca878a44524c2f,6bc93796ed4169cb48f7e43bfc81ee62525fc30c72737855dfd71878c3ec875a,raw/cp2k_native/k666-reduced/XV/input.inp,PASS,c8545e9983250d4afad5635a93e39b3b1e12c8350192fa17365334cfc818c9cb,raw/cp2k_native/k666-reduced/XV/cp2k.out,PASS
6,k666-reduced,XVII,6,-458.738385049580188,b0dacc7dea4035ea5fb817eb1054f2b288016bfb63c9a96bceca878a44524c2f,eddcb6b149b2277af6442f727b5ea3c9a1ae76a1f3e883ffa1d31af4a4f4910e,raw/cp2k_native/k666-reduced/XVII/input.inp,PASS,694127fa04f5a858c6394bd4c6e956c3169015beef7de4eace054bb1e55d265d,raw/cp2k_native/k666-reduced/XVII/cp2k.out,PASS
7,k777-reduced,Ih,12,-917.479771270832998,b0dacc7dea4035ea5fb817eb1054f2b288016bfb63c9a96bceca878a44524c2f,37280ffc05d5dc2a7815165f2b8c02a859ce60272d1ebd4eca663dae6fc0677d,raw/cp2k_native/k777-reduced/Ih/input.inp,PASS,db694ece727a1021c3935b40986aa1b80b8c779e942c5324c906503d52abf4fb,raw/cp2k_native/k777-reduced/Ih/cp2k.out,PASS
7,k777-reduced,VI,10,-764.564001523017623,b0dacc7dea4035ea5fb817eb1054f2b288016bfb63c9a96bceca878a44524c2f,57e3869d2da06b1ae254fd93d914d0d220bd648c1fc74f9bcd1639484e364636,raw/cp2k_native/k777-reduced/VI/input.inp,PASS,7249bbfc9a33056e99581a3036f7adf24ff498f77189586b37326a6674c2028a,raw/cp2k_native/k777-reduced/VI/cp2k.out,PASS
7,k777-reduced,VII,12,-917.488117851056131,b0dacc7dea4035ea5fb817eb1054f2b288016bfb63c9a96bceca878a44524c2f,65202968ab3afd276c0d968122251c654ba2bafe74228ff1bf1758813c360822,raw/cp2k_native/k777-reduced/VII/input.inp,PASS,3f31ba38dc6dca5f55da5f1a995fc30f3fb93110f0fc10a150de616f9dd19bd7,raw/cp2k_native/k777-reduced/VII/cp2k.out,PASS
7,k777-reduced,VIII,8,-611.647749748796173,b0dacc7dea4035ea5fb817eb1054f2b288016bfb63c9a96bceca878a44524c2f,9a2e899be604e446b8b44ee171f14af2885544941dc4e171b9a2978b841b7786,raw/cp2k_native/k777-reduced/VIII/input.inp,PASS,6b1ceb9ba26a57d8149a86b793fbe047d4a92b5e52bea96dc252112247771b24,raw/cp2k_native/k777-reduced/VIII/cp2k.out,PASS
7,k777-reduced,XIV,12,-917.480278716482303,b0dacc7dea4035ea5fb817eb1054f2b288016bfb63c9a96bceca878a44524c2f,a0847a971df7c7ff84b214007902dd052a9551b6f4dacdd2496dec4b99d7690e,raw/cp2k_native/k777-reduced/XIV/input.inp,PASS,5efdaec07ce6fa6dc5bad236b34edb7b6c2a3a6c00542f19612ae354bef34d2e,raw/cp2k_native/k777-reduced/XIV/cp2k.out,PASS
7,k777-reduced,XV,10,-764.564054178042397,b0dacc7dea4035ea5fb817eb1054f2b288016bfb63c9a96bceca878a44524c2f,8161d0efbae80536778c8e40c02f0f3df8cde0bb5b81d59da23bf6985c87c51c,raw/cp2k_native/k777-reduced/XV/input.inp,PASS,061f635615973b706fc93205ad1947688acb7b0340a21951ae225b25904e2c0e,raw/cp2k_native/k777-reduced/XV/cp2k.out,PASS
7,k777-reduced,XVII,6,-458.738349274850805,b0dacc7dea4035ea5fb817eb1054f2b288016bfb63c9a96bceca878a44524c2f,f6c8e5c1e1f917db080218eb70cfc61702545558d0d806755f88a3837aabf14d,raw/cp2k_native/k777-reduced/XVII/input.inp,PASS,3ea0a6c4cec02007d2114936ef292b5999d4c5f8f239dcb7b400845eb32a8250,raw/cp2k_native/k777-reduced/XVII/cp2k.out,PASS
8,k888-reduced,Ih,12,-917.479771039154002,b0dacc7dea4035ea5fb817eb1054f2b288016bfb63c9a96bceca878a44524c2f,9a85136e16c7c7d7cedaf72cd4a854facd5ecc32e34ebfc7b65fca1a3923cfa9,raw/cp2k_native/k888-reduced/Ih/input.inp,PASS,f93ccbe2775b2b544101f5ecb26bb95b97ae2a23992f729f6dff8b6c83f65ac8,raw/cp2k_native/k888-reduced/Ih/cp2k.out,PASS
8,k888-reduced,VII,12,-917.481788729101822,b0dacc7dea4035ea5fb817eb1054f2b288016bfb63c9a96bceca878a44524c2f,2b882dbbfbc5191826bc85d6e059ba922b915a562fa840b3912ad82581616891,raw/cp2k_native/k888-reduced/VII/input.inp,PASS,0b1d9a6b82faf34b5fc8da8cf7b5c5118b42abf9c8559c6d9b80938aae988e46,raw/cp2k_native/k888-reduced/VII/cp2k.out,PASS
8,k888-reduced,VIII,8,-611.647664833031854,b0dacc7dea4035ea5fb817eb1054f2b288016bfb63c9a96bceca878a44524c2f,f97ea9ae002aa16e2a8c4ccfbe0eb53a502e9876b0483a78a76f21f8bbb77d57,raw/cp2k_native/k888-reduced/VIII/input.inp,PASS,481a553e00890e422ba48aaa3ce292be154f1eea7153d1062fae3d12e4a1eac3,raw/cp2k_native/k888-reduced/VIII/cp2k.out,PASS
