solid,method,mesh,scale,a_A,energy_hartree,completed,valid_for_eos,diagnostic,scf_strategy,classification_resolution,classification_rationale
C,GFN1,k444,0.82000,2.9134600000,-15.761897735698,True,True,,default_tblite_mixer,,
C,GFN1,k444,0.88000,3.1266400000,-16.610557532964,True,True,,default_tblite_mixer,,
C,GFN1,k444,0.94000,3.3398200000,-16.991140446749,True,True,,default_tblite_mixer,,
C,GFN1,k444,0.98000,3.4819400000,-17.077571906946,True,True,,default_tblite_mixer,,
C,GFN1,k444,1.00000,3.5530000000,-17.084866272431,True,True,,default_tblite_mixer,,
C,GFN1,k444,1.02000,3.6240600000,-17.072956799564,True,True,,default_tblite_mixer,,
C,GFN1,k444,1.06000,3.7661800000,-17.002795849808,True,True,,default_tblite_mixer,,
C,GFN1,k444,1.12000,3.9793600000,-16.814759424878,True,True,,default_tblite_mixer,,
C,GFN1,k444,1.20000,4.2636000000,-16.480553758775,True,True,,default_tblite_mixer,,
C,GFN1,k444,1.30000,4.6189000000,-16.000396676896,True,True,,default_tblite_mixer,,
C,GFN1,k444,1.45000,5.1518500000,-15.329926502871,True,True,,default_tblite_mixer,,
C,GFN2,k444,0.82000,2.9134600000,-16.019151757416,True,True,,default_tblite_mixer,,
C,GFN2,k444,0.88000,3.1266400000,-16.849721320977,True,True,,default_tblite_mixer,,
C,GFN2,k444,0.94000,3.3398200000,-17.224384821601,True,True,,default_tblite_mixer,,
C,GFN2,k444,0.98000,3.4819400000,-17.309199091495,True,True,,default_tblite_mixer,,
C,GFN2,k444,1.00000,3.5530000000,-17.315712610976,True,True,,default_tblite_mixer,,
C,GFN2,k444,1.02000,3.6240600000,-17.302852320245,True,True,,default_tblite_mixer,,
C,GFN2,k444,1.06000,3.7661800000,-17.230038511922,True,True,,default_tblite_mixer,,
C,GFN2,k444,1.12000,3.9793600000,-17.036486065956,True,True,,default_tblite_mixer,,
C,GFN2,k444,1.20000,4.2636000000,-16.696409910131,True,True,,default_tblite_mixer,,
C,GFN2,k444,1.30000,4.6189000000,-16.225907864304,True,True,,default_tblite_mixer,,
C,GFN2,k444,1.45000,5.1518500000,-15.628031607964,True,True,,default_tblite_mixer,,
C,GXTB,k444,0.82000,2.9134600000,-304.017727965277,True,True,,native_gxtb_fdiis,,
C,GXTB,k444,0.88000,3.1266400000,-304.779569781352,True,True,,native_gxtb_fdiis,,
C,GXTB,k444,0.94000,3.3398200000,-305.057302578583,True,True,,native_gxtb_fdiis,,
C,GXTB,k444,0.98000,3.4819400000,-305.089866775703,True,True,,native_gxtb_fdiis,,
C,GXTB,k444,1.00000,3.5530000000,-305.077495488195,True,True,,native_gxtb_fdiis,,
C,GXTB,k444,1.02000,3.6240600000,-305.051458996376,True,True,,native_gxtb_fdiis,,
C,GXTB,k444,1.06000,3.7661800000,-304.970466637310,True,True,,native_gxtb_fdiis,,
C,GXTB,k444,1.12000,3.9793600000,-304.807915987206,True,True,,native_gxtb_fdiis,,
C,GXTB,k444,1.20000,4.2636000000,-304.560051137293,True,True,,native_gxtb_fdiis,,
C,GXTB,k444,1.30000,4.6189000000,-304.236425259076,True,True,,native_gxtb_fdiis,,
C,GXTB,k444,1.45000,5.1518500000,-303.763670611376,True,True,,native_gxtb_fdiis,,
Si,GFN1,k444,0.82000,4.4452200000,-12.948539945099,True,True,,default_tblite_mixer,,
Si,GFN1,k444,0.88000,4.7704800000,-14.068987381380,True,True,,default_tblite_mixer,,
Si,GFN1,k444,0.94000,5.0957400000,-14.554017472994,True,True,,default_tblite_mixer,,
Si,GFN1,k444,0.98000,5.3125800000,-14.687234869089,True,True,,default_tblite_mixer,,
Si,GFN1,k444,1.00000,5.4210000000,-14.718004890539,True,True,,default_tblite_mixer,,
Si,GFN1,k444,1.02000,5.5294200000,-14.731159633135,True,True,,default_tblite_mixer,,
Si,GFN1,k444,1.06000,5.7462600000,-14.720470182645,True,True,,default_tblite_mixer,,
Si,GFN1,k444,1.12000,6.0715200000,-14.642449017149,True,True,,default_tblite_mixer,,
Si,GFN1,k444,1.20000,6.5052000000,-14.450284504805,True,True,,default_tblite_mixer,,
Si,GFN1,k444,1.30000,7.0473000000,-14.186757899721,True,True,,default_tblite_mixer,,
Si,GFN1,k444,1.45000,7.8604500000,-13.816013126851,True,True,,default_tblite_mixer,,
Si,GFN2,k444,0.82000,4.4452200000,-12.294008742465,True,True,,default_tblite_mixer,,
Si,GFN2,k444,0.88000,4.7704800000,-13.238480631217,True,True,,default_tblite_mixer,,
Si,GFN2,k444,0.94000,5.0957400000,-13.590682400600,True,True,,default_tblite_mixer,,
Si,GFN2,k444,0.98000,5.3125800000,-13.653427863026,True,True,,default_tblite_mixer,,
Si,GFN2,k444,1.00000,5.4210000000,-13.656956881336,True,True,,default_tblite_mixer,,
Si,GFN2,k444,1.02000,5.5294200000,-13.648384411166,True,True,,default_tblite_mixer,,
Si,GFN2,k444,1.06000,5.7462600000,-13.611597036364,True,True,,default_tblite_mixer,,
Si,GFN2,k444,1.12000,6.0715200000,-13.543748471684,True,True,,default_tblite_mixer,,
Si,GFN2,k444,1.20000,6.5052000000,-13.400368922849,True,True,,default_tblite_mixer,,
Si,GFN2,k444,1.30000,7.0473000000,-13.236619364278,True,True,,default_tblite_mixer,,
Si,GFN2,k444,1.45000,7.8604500000,-13.001252009981,True,True,,default_tblite_mixer,,
Si,GXTB,k444,0.82000,4.4452200000,-2315.680391715627,True,True,,native_gxtb_fdiis,,
Si,GXTB,k444,0.88000,4.7704800000,-2316.113365098874,True,True,,native_gxtb_fdiis,,
Si,GXTB,k444,0.94000,5.0957400000,-2316.262321717484,True,True,,native_gxtb_fdiis,,
Si,GXTB,k444,0.98000,5.3125800000,-2316.269184683675,True,True,,native_gxtb_fdiis,,
Si,GXTB,k444,1.00000,5.4210000000,-2316.254199498635,True,True,,native_gxtb_fdiis,,
Si,GXTB,k444,1.02000,5.5294200000,-2316.229855504030,True,True,,native_gxtb_fdiis,,
Si,GXTB,k444,1.06000,5.7462600000,-2316.160222850524,True,True,,native_gxtb_fdiis,,
Si,GXTB,k444,1.12000,6.0715200000,-2316.021829630654,True,True,,native_gxtb_fdiis,,
Si,GXTB,k444,1.20000,6.5052000000,-2315.806565102140,True,True,,native_gxtb_fdiis,,
Si,GXTB,k444,1.30000,7.0473000000,-2315.542681686711,True,True,,native_gxtb_fdiis,,
Si,GXTB,k444,1.45000,7.8604500000,-2315.183116741308,True,True,,native_gxtb_fdiis,,
SiC,GFN1,k444,0.82000,3.5645400000,-14.087686091278,True,True,,default_tblite_mixer,,
SiC,GFN1,k444,0.88000,3.8253600000,-15.186339306824,True,True,,default_tblite_mixer,,
SiC,GFN1,k444,0.94000,4.0861800000,-15.694734108092,True,True,,default_tblite_mixer,,
SiC,GFN1,k444,0.98000,4.2600600000,-15.845933656938,True,True,,default_tblite_mixer,,
SiC,GFN1,k444,1.00000,4.3470000000,-15.884280846977,True,True,,default_tblite_mixer,,
SiC,GFN1,k444,1.02000,4.4339400000,-15.903484392155,True,True,,default_tblite_mixer,,
SiC,GFN1,k444,1.06000,4.6078200000,-15.896899399075,True,True,,default_tblite_mixer,,
SiC,GFN1,k444,1.12000,4.8686400000,-15.808509414097,True,True,,default_tblite_mixer,,
SiC,GFN1,k444,1.20000,5.2164000000,-15.612073306958,True,True,,default_tblite_mixer,,
SiC,GFN1,k444,1.30000,5.6511000000,-15.285509300868,True,True,,default_tblite_mixer,,
SiC,GFN1,k444,1.45000,6.3031500000,-14.798886725013,True,True,,default_tblite_mixer,,
SiC,GFN2,k444,0.82000,3.5645400000,-14.920619823475,True,True,,default_tblite_mixer,,
SiC,GFN2,k444,0.88000,3.8253600000,-14.896577523550,True,True,,default_tblite_mixer,,
SiC,GFN2,k444,0.94000,4.0861800000,-15.323207016116,True,True,,default_tblite_mixer,,
SiC,GFN2,k444,0.98000,4.2600600000,-15.432408629046,True,True,,default_tblite_mixer,,
SiC,GFN2,k444,1.00000,4.3470000000,-15.452460293775,True,True,,default_tblite_mixer,,
SiC,GFN2,k444,1.02000,4.4339400000,-15.455152106108,True,True,,default_tblite_mixer,,
SiC,GFN2,k444,1.06000,4.6078200000,-15.421387558263,True,True,,default_tblite_mixer,,
SiC,GFN2,k444,1.12000,4.8686400000,-15.315998996356,True,True,,default_tblite_mixer,,
SiC,GFN2,k444,1.20000,5.2164000000,-15.111994049369,True,True,,default_tblite_mixer,,
SiC,GFN2,k444,1.30000,5.6511000000,-14.845556780787,True,True,,default_tblite_mixer,,
SiC,GFN2,k444,1.45000,6.3031500000,-14.499560114388,True,True,,default_tblite_mixer,,
SiC,GXTB,k444,0.82000,3.5645400000,-1309.553822888221,True,True,,native_gxtb_fdiis,,
SiC,GXTB,k444,0.88000,3.8253600000,-1310.324060821766,True,True,,native_gxtb_fdiis,,
SiC,GXTB,k444,0.94000,4.0861800000,-1310.660554870425,True,True,,native_gxtb_fdiis,,
SiC,GXTB,k444,0.98000,4.2600600000,-1310.732701512928,True,True,,native_gxtb_fdiis,,
SiC,GXTB,k444,1.00000,4.3470000000,-1310.737418351050,True,True,,native_gxtb_fdiis,,
SiC,GXTB,k444,1.02000,4.4339400000,-1310.725998515471,True,True,,native_gxtb_fdiis,,
SiC,GXTB,k444,1.06000,4.6078200000,-1310.666114926515,True,True,,native_gxtb_fdiis,,
SiC,GXTB,k444,1.12000,4.8686400000,-1310.514426777708,True,True,,native_gxtb_fdiis,,
SiC,GXTB,k444,1.20000,5.2164000000,-1310.252285860439,True,True,,native_gxtb_fdiis,,
SiC,GXTB,k444,1.30000,5.6511000000,-1309.900648424785,True,True,,native_gxtb_fdiis,,
SiC,GXTB,k444,1.45000,6.3031500000,-1309.426371022496,True,True,,native_gxtb_fdiis,,
BN,GFN1,k444,0.82000,2.9462600000,-17.646119968943,True,True,,default_tblite_mixer,,
BN,GFN1,k444,0.88000,3.1618400000,-18.389456068313,True,True,,default_tblite_mixer,,
BN,GFN1,k444,0.94000,3.3774200000,-18.725256784837,True,True,,default_tblite_mixer,,
BN,GFN1,k444,0.98000,3.5211400000,-18.808000630301,True,True,,default_tblite_mixer,,
BN,GFN1,k444,1.00000,3.5930000000,-18.819703456011,True,True,,default_tblite_mixer,,
BN,GFN1,k444,1.02000,3.6648600000,-18.815742974146,True,True,,default_tblite_mixer,,
BN,GFN1,k444,1.06000,3.8085800000,-18.770432670880,True,True,,default_tblite_mixer,,
BN,GFN1,k444,1.12000,4.0241600000,-18.637233686147,True,True,,default_tblite_mixer,,
BN,GFN1,k444,1.20000,4.3116000000,-18.388353617224,True,True,,default_tblite_mixer,,
BN,GFN1,k444,1.30000,4.6709000000,-18.046941641471,True,True,,default_tblite_mixer,,
BN,GFN1,k444,1.45000,5.2098500000,-17.573351231212,True,True,,default_tblite_mixer,,
BN,GFN2,k444,0.82000,2.9462600000,-15.858481906270,True,True,,default_tblite_mixer,,
BN,GFN2,k444,0.88000,3.1618400000,-16.606018776780,True,True,,default_tblite_mixer,,
BN,GFN2,k444,0.94000,3.3774200000,-16.941408053055,True,True,,default_tblite_mixer,,
BN,GFN2,k444,0.98000,3.5211400000,-17.024371280195,True,True,,default_tblite_mixer,,
BN,GFN2,k444,1.00000,3.5930000000,-17.036975655527,True,True,,default_tblite_mixer,,
BN,GFN2,k444,1.02000,3.6648600000,-17.034241519364,True,True,,default_tblite_mixer,,
BN,GFN2,k444,1.06000,3.8085800000,-16.992004948160,True,True,,default_tblite_mixer,,
BN,GFN2,k444,1.12000,4.0241600000,-16.863293475932,True,True,,default_tblite_mixer,,
BN,GFN2,k444,1.20000,4.3116000000,-16.622731598807,True,True,,default_tblite_mixer,,
BN,GFN2,k444,1.30000,4.6709000000,-16.277851540301,True,True,,default_tblite_mixer,,
BN,GFN2,k444,1.45000,5.2098500000,-15.760984707111,True,True,,default_tblite_mixer,,
BN,GXTB,k444,0.82000,2.9462600000,-318.627214373645,True,True,,native_gxtb_fdiis,,
BN,GXTB,k444,0.88000,3.1618400000,-318.991197351781,True,True,,native_gxtb_fdiis,,
BN,GXTB,k444,0.94000,3.3774200000,-319.112058158296,True,True,,native_gxtb_fdiis,,
BN,GXTB,k444,0.98000,3.5211400000,-319.101347713498,True,True,,native_gxtb_fdiis,,
BN,GXTB,k444,1.00000,3.5930000000,-319.077807994719,True,True,,native_gxtb_fdiis,,
BN,GXTB,k444,1.02000,3.6648600000,-319.045114369380,True,True,,native_gxtb_fdiis,,
BN,GXTB,k444,1.06000,3.8085800000,-318.958723143653,True,True,,native_gxtb_fdiis,,
BN,GXTB,k444,1.12000,4.0241600000,-318.793372246203,True,True,,native_gxtb_fdiis,,
BN,GXTB,k444,1.20000,4.3116000000,-318.535306293083,True,True,,native_gxtb_fdiis,,
BN,GXTB,k444,1.30000,4.6709000000,-318.187148983653,True,True,,native_gxtb_fdiis,,
BN,GXTB,k444,1.45000,5.2098500000,-317.666147010868,True,True,,native_gxtb_fdiis,,
BP,GFN1,k444,0.82000,3.7105000000,-15.079533436809,True,True,,default_tblite_mixer,,
BP,GFN1,k444,0.88000,3.9820000000,-15.864587190981,True,True,,default_tblite_mixer,,
BP,GFN1,k444,0.94000,4.2535000000,-16.204776100245,True,True,,default_tblite_mixer,,
BP,GFN1,k444,0.98000,4.4345000000,-16.289782496651,True,True,,default_tblite_mixer,,
BP,GFN1,k444,1.00000,4.5250000000,-16.304620244505,True,True,,default_tblite_mixer,,
BP,GFN1,k444,1.02000,4.6155000000,-16.305366501592,True,True,,default_tblite_mixer,,
BP,GFN1,k444,1.06000,4.7965000000,-16.274008535200,True,True,,default_tblite_mixer,,
BP,GFN1,k444,1.12000,5.0680000000,-16.170362415407,True,True,,default_tblite_mixer,,
BP,GFN1,k444,1.20000,5.4300000000,-15.969625337463,True,True,,default_tblite_mixer,,
BP,GFN1,k444,1.30000,5.8825000000,-15.690162362355,True,True,,default_tblite_mixer,,
BP,GFN1,k444,1.45000,6.5612500000,-15.299871751336,True,True,,default_tblite_mixer,,
BP,GFN2,k444,0.82000,3.7105000000,-14.215046258201,True,True,,default_tblite_mixer,,
BP,GFN2,k444,0.88000,3.9820000000,-14.815678248679,True,True,,default_tblite_mixer,,
BP,GFN2,k444,0.94000,4.2535000000,-15.071001273347,True,True,,default_tblite_mixer,,
BP,GFN2,k444,0.98000,4.4345000000,-15.130141394547,True,True,,default_tblite_mixer,,
BP,GFN2,k444,1.00000,4.5250000000,-15.136781194170,True,True,,default_tblite_mixer,,
BP,GFN2,k444,1.02000,4.6155000000,-15.131602372800,True,True,,default_tblite_mixer,,
BP,GFN2,k444,1.06000,4.7965000000,-15.093076054776,True,True,,default_tblite_mixer,,
BP,GFN2,k444,1.12000,5.0680000000,-14.986622526156,True,True,,default_tblite_mixer,,
BP,GFN2,k444,1.20000,5.4300000000,-14.795883582248,True,True,,default_tblite_mixer,,
BP,GFN2,k444,1.30000,5.8825000000,-14.538935423273,True,True,,default_tblite_mixer,,
BP,GFN2,k444,1.45000,6.5612500000,-14.161088205715,True,True,,default_tblite_mixer,,
BP,GXTB,k444,0.82000,3.7105000000,-1464.459748534093,True,True,,native_gxtb_fdiis,,
BP,GXTB,k444,0.88000,3.9820000000,-1464.923504690116,True,True,,native_gxtb_fdiis,,
BP,GXTB,k444,0.94000,4.2535000000,-1465.103617279201,True,True,,native_gxtb_fdiis,,
BP,GXTB,k444,0.98000,4.4345000000,-1465.130007258753,True,True,,native_gxtb_fdiis,,
BP,GXTB,k444,1.00000,4.5250000000,-1465.124103781174,True,True,,native_gxtb_fdiis,,
BP,GXTB,k444,1.02000,4.6155000000,-1465.108259995141,True,True,,native_gxtb_fdiis,,
BP,GXTB,k444,1.06000,4.7965000000,-1465.052819532452,True,True,,native_gxtb_fdiis,,
BP,GXTB,k444,1.12000,5.0680000000,-1464.926622580437,True,True,,native_gxtb_fdiis,,
BP,GXTB,k444,1.20000,5.4300000000,-1464.709823456751,True,True,,native_gxtb_fdiis,,
BP,GXTB,k444,1.30000,5.8825000000,-1464.410094647898,True,True,,native_gxtb_fdiis,,
BP,GXTB,k444,1.45000,6.5612500000,-1463.977772894177,True,True,,native_gxtb_fdiis,,
AlN,GFN1,k444,0.82000,3.5817600000,-16.789502905136,True,True,,default_tblite_mixer,,
AlN,GFN1,k444,0.88000,3.8438400000,-17.585350919115,True,True,,default_tblite_mixer,,
AlN,GFN1,k444,0.94000,4.1059200000,-17.955251680066,True,True,,default_tblite_mixer,,
AlN,GFN1,k444,0.98000,4.2806400000,-18.070752599148,True,True,,default_tblite_mixer,,
AlN,GFN1,k444,1.00000,4.3680000000,-18.103062285755,True,True,,default_tblite_mixer,,
AlN,GFN1,k444,1.02000,4.4553600000,-18.122525361280,True,True,,default_tblite_mixer,,
AlN,GFN1,k444,1.06000,4.6300800000,-18.131825681988,True,True,,default_tblite_mixer,,
AlN,GFN1,k444,1.12000,4.8921600000,-18.095587132197,True,True,,default_tblite_mixer,,
AlN,GFN1,k444,1.20000,5.2416000000,-17.993559006650,True,True,,default_tblite_mixer,,
AlN,GFN1,k444,1.30000,5.6784000000,-17.838937755358,True,True,,default_tblite_mixer,,
AlN,GFN1,k444,1.45000,6.3336000000,-17.607316493298,True,True,,default_tblite_mixer,,
AlN,GFN2,k444,0.82000,3.5817600000,-15.537259496603,True,True,,default_tblite_mixer,,
AlN,GFN2,k444,0.88000,3.8438400000,-16.220725999414,True,True,,default_tblite_mixer,,
AlN,GFN2,k444,0.94000,4.1059200000,-16.471424387135,True,True,,default_tblite_mixer,,
AlN,GFN2,k444,0.98000,4.2806400000,-16.513185201782,True,True,,default_tblite_mixer,,
AlN,GFN2,k444,1.00000,4.3680000000,-16.511733260191,True,True,,default_tblite_mixer,,
AlN,GFN2,k444,1.02000,4.4553600000,-16.499536806263,True,True,,default_tblite_mixer,,
AlN,GFN2,k444,1.06000,4.6300800000,-16.451811114102,True,True,,default_tblite_mixer,,
AlN,GFN2,k444,1.12000,4.8921600000,-16.342858458648,True,True,,default_tblite_mixer,,
AlN,GFN2,k444,1.20000,5.2416000000,-16.160917092861,True,True,,default_tblite_mixer,,
AlN,GFN2,k444,1.30000,5.6784000000,-15.923344804832,True,True,,default_tblite_mixer,,
AlN,GFN2,k444,1.45000,6.3336000000,-15.570804827181,True,True,,default_tblite_mixer,,
AlN,GXTB,k444,0.82000,3.5817600000,-1189.147740531900,True,True,,native_gxtb_fdiis,,
AlN,GXTB,k444,0.88000,3.8438400000,-1189.268721946747,True,True,,native_gxtb_fdiis,,
AlN,GXTB,k444,0.94000,4.1059200000,-1189.359549973922,True,True,,native_gxtb_fdiis,,
AlN,GXTB,k444,0.98000,4.2806400000,-1189.380192113360,True,True,,native_gxtb_fdiis,,
AlN,GXTB,k444,1.00000,4.3680000000,-1189.373528357445,True,True,,native_gxtb_fdiis,,
AlN,GXTB,k444,1.02000,4.4553600000,-1189.356247167527,True,True,,native_gxtb_fdiis,,
AlN,GXTB,k444,1.06000,4.6300800000,-1189.295020849947,True,True,,native_gxtb_fdiis,,
AlN,GXTB,k444,1.12000,4.8921600000,-1189.155765622396,True,True,,native_gxtb_fdiis,,
AlN,GXTB,k444,1.20000,5.2416000000,-1188.921987141918,True,True,,native_gxtb_fdiis,,
AlN,GXTB,k444,1.30000,5.6784000000,-1188.600841166590,True,True,,native_gxtb_fdiis,,
AlN,GXTB,k444,1.45000,6.3336000000,-1188.119489535281,True,True,,native_gxtb_fdiis,,
AlP,GFN1,k444,0.82000,4.4673600000,-14.823560657031,True,True,,default_tblite_mixer,,
AlP,GFN1,k444,0.88000,4.7942400000,-15.592045289326,True,True,,default_tblite_mixer,,
AlP,GFN1,k444,0.94000,5.1211200000,-15.911947111566,True,True,,default_tblite_mixer,,
AlP,GFN1,k444,0.98000,5.3390400000,-15.993418223182,True,True,,default_tblite_mixer,,
AlP,GFN1,k444,1.00000,5.4480000000,-16.009759512391,True,True,,default_tblite_mixer,,
AlP,GFN1,k444,1.02000,5.5569600000,-16.014190116566,True,True,,default_tblite_mixer,,
AlP,GFN1,k444,1.06000,5.7748800000,-15.997360295780,True,True,,default_tblite_mixer,,
AlP,GFN1,k444,1.12000,6.1017600000,-15.928469176256,True,True,,default_tblite_mixer,,
AlP,GFN1,k444,1.20000,6.5376000000,-15.793900623757,True,True,,default_tblite_mixer,,
AlP,GFN1,k444,1.30000,7.0824000000,-15.617487059321,True,True,,default_tblite_mixer,,
AlP,GFN1,k444,1.45000,7.8996000000,-15.368557094979,True,True,,default_tblite_mixer,,
AlP,GFN2,k444,0.82000,4.4673600000,-13.331527724827,True,True,,default_tblite_mixer,,
AlP,GFN2,k444,0.88000,4.7942400000,-14.154342400724,True,True,,default_tblite_mixer,,
AlP,GFN2,k444,0.94000,5.1211200000,-14.490490831909,True,True,,default_tblite_mixer,,
AlP,GFN2,k444,0.98000,5.3390400000,-14.572452843984,True,True,,default_tblite_mixer,,
AlP,GFN2,k444,1.00000,5.4480000000,-14.587534731530,True,True,,default_tblite_mixer,,
AlP,GFN2,k444,1.02000,5.5569600000,-14.590295954890,True,True,,default_tblite_mixer,,
AlP,GFN2,k444,1.06000,5.7748800000,-14.568459212261,True,True,,default_tblite_mixer,,
AlP,GFN2,k444,1.12000,6.1017600000,-14.492756213691,True,True,,default_tblite_mixer,,
AlP,GFN2,k444,1.20000,6.5376000000,-14.351875449828,True,True,,default_tblite_mixer,,
AlP,GFN2,k444,1.30000,7.0824000000,-14.169512971379,True,True,,default_tblite_mixer,,
AlP,GFN2,k444,1.45000,7.8996000000,-13.888871762411,True,True,,default_tblite_mixer,,
AlP,GXTB,k444,0.82000,4.4673600000,-2335.320358548407,True,True,,native_gxtb_fdiis,,
AlP,GXTB,k444,0.88000,4.7942400000,-2335.574552215676,True,True,,native_gxtb_fdiis,,
AlP,GXTB,k444,0.94000,5.1211200000,-2335.642233896563,True,True,,native_gxtb_fdiis,,
AlP,GXTB,k444,0.98000,5.3390400000,-2335.627580534707,True,True,,native_gxtb_fdiis,,
AlP,GXTB,k444,1.00000,5.4480000000,-2335.608443926036,True,True,,native_gxtb_fdiis,,
AlP,GXTB,k444,1.02000,5.5569600000,-2335.583317160173,True,True,,native_gxtb_fdiis,,
AlP,GXTB,k444,1.06000,5.7748800000,-2335.519120267903,True,True,,native_gxtb_fdiis,,
AlP,GXTB,k444,1.12000,6.1017600000,-2335.398802543203,True,True,,native_gxtb_fdiis,,
AlP,GXTB,k444,1.20000,6.5376000000,-2335.214307978525,True,True,,native_gxtb_fdiis,,
AlP,GXTB,k444,1.30000,7.0824000000,-2334.978413941754,True,True,,native_gxtb_fdiis,,
AlP,GXTB,k444,1.45000,7.8996000000,-2334.652869779943,True,True,,native_gxtb_fdiis,,
MgO,GFN1,k444,0.82000,3.4349800000,-21.587189712840,True,True,,default_tblite_mixer,,
MgO,GFN1,k444,0.88000,3.6863200000,-21.935823516973,True,True,,default_tblite_mixer,,
MgO,GFN1,k444,0.94000,3.9376600000,-22.048334569925,True,True,,default_tblite_mixer,,
MgO,GFN1,k444,0.98000,4.1052200000,-22.059035291610,True,True,,default_tblite_mixer,,
MgO,GFN1,k444,1.00000,4.1890000000,-22.052913149007,True,True,,default_tblite_mixer,,
MgO,GFN1,k444,1.02000,4.2727800000,-22.041266888892,True,True,,default_tblite_mixer,,
MgO,GFN1,k444,1.06000,4.4403400000,-22.005718736978,True,True,,default_tblite_mixer,,
MgO,GFN1,k444,1.12000,4.6916800000,-21.932594392620,True,True,,default_tblite_mixer,,
MgO,GFN1,k444,1.20000,5.0268000000,-21.815684690640,True,True,,default_tblite_mixer,,
MgO,GFN1,k444,1.30000,5.4457000000,-21.657834057836,True,True,,default_tblite_mixer,,
MgO,GFN1,k444,1.45000,6.0740500000,-21.441344722913,True,True,,default_tblite_mixer,,
MgO,GFN2,k444,0.82000,3.4349800000,-173476.622448519774,False,False,,retry_m1_d001,,
MgO,GFN2,k444,0.88000,3.6863200000,-39302.534024815672,False,False,,retry_m1_d001,,
MgO,GFN2,k444,0.90000,3.7701000000,-26934.886934985188,False,False,,retry_m1_d001,,
MgO,GFN2,k444,0.92000,3.8538800000,-20277.916468316555,False,False,,retry_m1_d001,,
MgO,GFN2,k444,0.92600,3.8790140000,-19.357598895489,True,True,,default_tblite_mixer,,
MgO,GFN2,k444,0.92700,3.8832030000,-19.356755411776,True,True,,default_tblite_mixer,,
MgO,GFN2,k444,0.92800,3.8873920000,-19.355946146703,True,True,,default_tblite_mixer,,
MgO,GFN2,k444,0.93000,3.8957700000,-19.354393840894,True,True,,default_tblite_mixer,,
MgO,GFN2,k444,0.94000,3.9376600000,-19.346818761607,True,True,,default_tblite_mixer,,
MgO,GFN2,k444,0.98000,4.1052200000,-19.307979047297,True,True,,default_tblite_mixer,,
MgO,GFN2,k444,1.00000,4.1890000000,-19.282673542820,True,True,,default_tblite_mixer,,
MgO,GFN2,k444,1.02000,4.2727800000,-19.254169668778,True,True,,default_tblite_mixer,,
MgO,GFN2,k444,1.06000,4.4403400000,-19.190166231937,True,True,,default_tblite_mixer,,
MgO,GFN2,k444,1.12000,4.6916800000,-19.083232702832,True,True,,default_tblite_mixer,,
MgO,GFN2,k444,1.20000,5.0268000000,-18.942501293534,True,True,,default_tblite_mixer,,
MgO,GFN2,k444,1.30000,5.4457000000,-18.754223146022,True,True,,default_tblite_mixer,,
MgO,GFN2,k444,1.45000,6.0740500000,-18.517248993983,True,True,,default_tblite_mixer,,
MgO,GXTB,k444,0.82000,3.4349800000,-1102.417604663436,True,True,,native_gxtb_fdiis,,
MgO,GXTB,k444,0.88000,3.6863200000,-1102.400809033810,True,True,,native_gxtb_fdiis,,
MgO,GXTB,k444,0.94000,3.9376600000,-1102.338604567044,True,True,,native_gxtb_fdiis,,
MgO,GXTB,k444,0.98000,4.1052200000,-1102.350500401814,True,True,,native_gxtb_fdiis,,
MgO,GXTB,k444,1.00000,4.1890000000,-1102.341022292200,True,True,,native_gxtb_fdiis,,
MgO,GXTB,k444,1.02000,4.2727800000,-1102.323881894511,True,True,,native_gxtb_fdiis,,
MgO,GXTB,k444,1.06000,4.4403400000,-1102.274437225131,True,True,,native_gxtb_fdiis,,
MgO,GXTB,k444,1.12000,4.6916800000,-1102.177152739316,True,True,,native_gxtb_fdiis,,
MgO,GXTB,k444,1.20000,5.0268000000,-1102.010973210905,True,True,,native_gxtb_fdiis,,
MgO,GXTB,k444,1.30000,5.4457000000,-1101.751900751343,True,True,,native_gxtb_fdiis,,
MgO,GXTB,k444,1.45000,6.0740500000,-1101.334749210499,True,True,,native_gxtb_fdiis,,
MgS,GFN1,k444,0.82000,4.2541600000,-17.711118864069,True,True,,default_tblite_mixer,,
MgS,GFN1,k444,0.88000,4.5654400000,-18.024696098628,True,True,,default_tblite_mixer,,
MgS,GFN1,k444,0.94000,4.8767200000,-18.131711481091,True,True,,default_tblite_mixer,,
MgS,GFN1,k444,0.98000,5.0842400000,-18.141585133502,True,True,,default_tblite_mixer,,
MgS,GFN1,k444,1.00000,5.1880000000,-18.134753903807,True,True,,default_tblite_mixer,,
MgS,GFN1,k444,1.02000,5.2917600000,-18.121961390194,True,True,,default_tblite_mixer,,
MgS,GFN1,k444,1.06000,5.4992800000,-18.083127291658,True,True,,default_tblite_mixer,,
MgS,GFN1,k444,1.12000,5.8105600000,-18.000374106070,True,True,,default_tblite_mixer,,
MgS,GFN1,k444,1.20000,6.2256000000,-17.867817508913,True,True,,default_tblite_mixer,,
MgS,GFN1,k444,1.30000,6.7444000000,-17.722791361015,True,True,,default_tblite_mixer,,
MgS,GFN1,k444,1.45000,7.5226000000,-17.516081905901,True,True,,default_tblite_mixer,,
MgS,GFN2,k444,0.82000,4.2541600000,-15.363578087359,True,True,,default_tblite_mixer,,
MgS,GFN2,k444,0.88000,4.5654400000,-15.654473237709,True,True,,default_tblite_mixer,,
MgS,GFN2,k444,0.94000,4.8767200000,-15.768713822528,True,True,,default_tblite_mixer,,
MgS,GFN2,k444,0.98000,5.0842400000,-15.803652405580,True,True,,default_tblite_mixer,,
MgS,GFN2,k444,1.00000,5.1880000000,-15.801147739736,True,True,,default_tblite_mixer,,
MgS,GFN2,k444,1.02000,5.2917600000,-15.792145199331,True,True,,default_tblite_mixer,,
MgS,GFN2,k444,1.06000,5.4992800000,-15.759327145349,True,True,,default_tblite_mixer,,
MgS,GFN2,k444,1.12000,5.8105600000,-15.685441529092,True,True,,default_tblite_mixer,,
MgS,GFN2,k444,1.20000,6.2256000000,-15.564845633372,True,True,,default_tblite_mixer,,
MgS,GFN2,k444,1.30000,6.7444000000,-15.443723146966,True,True,,default_tblite_mixer,,
MgS,GFN2,k444,1.45000,7.5226000000,-15.246795253975,True,True,,default_tblite_mixer,,
MgS,GXTB,k444,0.82000,4.2541600000,-2393.675840367000,True,True,,native_gxtb_fdiis,,
MgS,GXTB,k444,0.88000,4.5654400000,-2393.951114962432,True,True,,native_gxtb_fdiis,,
MgS,GXTB,k444,0.94000,4.8767200000,-2394.045382403957,True,True,,native_gxtb_fdiis,,
MgS,GXTB,k444,0.98000,5.0842400000,-2394.020795592279,True,True,,native_gxtb_fdiis,,
MgS,GXTB,k444,1.00000,5.1880000000,-2393.994263642618,True,True,,native_gxtb_fdiis,,
MgS,GXTB,k444,1.02000,5.2917600000,-2393.961192968830,True,True,,native_gxtb_fdiis,,
MgS,GXTB,k444,1.06000,5.4992800000,-2393.881516014780,True,True,,native_gxtb_fdiis,,
MgS,GXTB,k444,1.12000,5.8105600000,-2393.745584725501,True,True,,native_gxtb_fdiis,,
MgS,GXTB,k444,1.20000,6.2256000000,-2393.557920682466,True,True,,native_gxtb_fdiis,,
MgS,GXTB,k444,1.30000,6.7444000000,-2393.327349197829,True,True,,native_gxtb_fdiis,,
MgS,GXTB,k444,1.45000,7.5226000000,-2392.991333322743,True,True,,native_gxtb_fdiis,,
LiH,GFN1,k444,0.82000,3.2627800000,-3.647793659287,True,True,,default_tblite_mixer,,
LiH,GFN1,k444,0.88000,3.5015200000,-3.748484826325,True,True,,default_tblite_mixer,,
LiH,GFN1,k444,0.94000,3.7402600000,-3.795728734015,True,True,,default_tblite_mixer,,
LiH,GFN1,k444,0.98000,3.8994200000,-3.807333074889,True,True,,default_tblite_mixer,,
LiH,GFN1,k444,1.00000,3.9790000000,-3.809253746924,True,True,,default_tblite_mixer,,
LiH,GFN1,k444,1.02000,4.0585800000,-3.809541250938,True,True,,default_tblite_mixer,,
LiH,GFN1,k444,1.06000,4.2177400000,-3.807558310542,True,True,,default_tblite_mixer,,
LiH,GFN1,k444,1.12000,4.4564800000,-3.803059727483,True,True,,default_tblite_mixer,,
LiH,GFN1,k444,1.20000,4.7748000000,-3.798547324597,True,True,,default_tblite_mixer,,
LiH,GFN1,k444,1.30000,5.1727000000,-3.786664755464,True,True,,default_tblite_mixer,,
LiH,GFN1,k444,1.45000,5.7695500000,-3.796775452008,True,True,,default_tblite_mixer,,
LiH,GFN2,k444,0.71000,2.8250900000,-5.284750535242,True,True,,default_tblite_mixer,,
LiH,GFN2,k444,0.72000,2.8648800000,-5.222555425485,True,True,,default_tblite_mixer,,
LiH,GFN2,k444,0.73000,2.9046700000,-5.163282460707,True,True,,default_tblite_mixer,,
LiH,GFN2,k444,0.74000,2.9444600000,-5.106349282905,True,True,,default_tblite_mixer,,
LiH,GFN2,k444,0.75000,2.9842500000,-5.051518682439,True,True,,default_tblite_mixer,,
LiH,GFN2,k444,0.76000,3.0240400000,-4.998551428556,True,True,,default_tblite_mixer,,
LiH,GFN2,k444,0.77000,3.0638300000,-4.947279520619,True,True,,default_tblite_mixer,,
LiH,GFN2,k444,0.78000,3.1036200000,-4.897291644315,True,True,,default_tblite_mixer,,
LiH,GFN2,k444,0.79000,3.1434100000,-4.848437069820,True,True,,default_tblite_mixer,,
LiH,GFN2,k444,0.80000,3.1832000000,-4.800705703706,True,True,,default_tblite_mixer,,
LiH,GFN2,k444,0.81000,3.2229900000,-4.754037261944,True,True,,default_tblite_mixer,,
LiH,GFN2,k444,0.82000,3.2627800000,-4.708478279821,True,True,,default_tblite_mixer,,
LiH,GFN2,k444,0.83000,3.3025700000,-4.664029477458,True,True,,retry_m1_d005,,
LiH,GFN2,k444,0.84000,3.3423600000,-4.620713043475,True,True,,retry_m1_d005,,
LiH,GFN2,k444,0.85000,3.3821500000,-4.578507524536,True,True,,default_tblite_mixer,,
LiH,GFN2,k444,0.86000,3.4219400000,-4.537468093593,True,True,,default_tblite_mixer,,
LiH,GFN2,k444,0.87000,3.4617300000,-4.497541344501,True,True,,retry_m1_d005,,
LiH,GFN2,k444,0.88000,3.5015200000,-4.458755328075,True,True,,retry_m1_d005,,
LiH,GFN2,k444,0.89000,3.5413100000,-4.421082056059,True,True,,default_tblite_mixer,,
LiH,GFN2,k444,0.90000,3.5811000000,-4.384471356369,True,True,,retry_m1_d005,,
LiH,GFN2,k444,0.91000,3.6208900000,-4.348868191465,True,True,,default_tblite_mixer,,
LiH,GFN2,k444,0.92000,3.6606800000,-4.314244405422,True,True,,retry_m1_d005,,
LiH,GFN2,k444,0.93000,3.7004700000,-4.280535023732,True,True,,default_tblite_mixer,,
LiH,GFN2,k444,0.94000,3.7402600000,-4.247720289956,True,True,,default_tblite_mixer,,
LiH,GFN2,k444,0.98000,3.8994200000,-4.124534154038,True,True,,default_tblite_mixer,,
LiH,GFN2,k444,1.00000,3.9790000000,-4.067412997299,True,True,,default_tblite_mixer,,
LiH,GFN2,k444,1.02000,4.0585800000,-4.013079723481,True,True,,retry_m1_d005,,
LiH,GFN2,k444,1.06000,4.2177400000,-3.912440741361,True,True,,default_tblite_mixer,,
LiH,GFN2,k444,1.12000,4.4564800000,-3.816168255289,True,True,,default_tblite_mixer,,
LiH,GFN2,k444,1.20000,4.7748000000,-4.256236888283,True,True,,default_tblite_mixer,,
LiH,GFN2,k444,1.30000,5.1727000000,-4.010853573326,True,True,,retry_m1_d005,,
LiH,GFN2,k444,1.45000,5.7695500000,-3.971837811020,True,True,,retry_m1_d005,,
LiH,GXTB,k444,0.82000,3.2627800000,-32.692125297532,True,True,,native_gxtb_fdiis,,
LiH,GXTB,k444,0.88000,3.5015200000,-32.682653752624,True,True,,native_gxtb_fdiis,,
LiH,GXTB,k444,0.94000,3.7402600000,-32.715264387262,True,True,,native_gxtb_fdiis,,
LiH,GXTB,k444,0.98000,3.8994200000,-32.729320179336,True,True,,native_gxtb_fdiis,,
LiH,GXTB,k444,1.00000,3.9790000000,-32.730717784514,True,True,,native_gxtb_fdiis,,
LiH,GXTB,k444,1.02000,4.0585800000,-32.728911889711,True,True,,native_gxtb_fdiis,,
LiH,GXTB,k444,1.06000,4.2177400000,-32.717767165826,True,True,,native_gxtb_fdiis,,
LiH,GXTB,k444,1.12000,4.4564800000,-32.693012830439,True,True,,native_gxtb_fdiis,,
LiH,GXTB,k444,1.20000,4.7748000000,-32.684115213350,True,True,,native_gxtb_fdiis,,
LiH,GXTB,k444,1.30000,5.1727000000,-32.458059631562,True,True,,native_gxtb_fdiis,,
LiH,GXTB,k444,1.45000,5.7695500000,-32.656824889839,True,True,,native_gxtb_fdiis,,
LiF,GFN1,k444,0.82000,3.2578600000,-22.449807315506,True,True,,default_tblite_mixer,,
LiF,GFN1,k444,0.88000,3.4962400000,-22.565244081425,True,True,,default_tblite_mixer,,
LiF,GFN1,k444,0.94000,3.7346200000,-22.588097619817,True,True,,default_tblite_mixer,,
LiF,GFN1,k444,0.98000,3.8935400000,-22.577884257284,True,True,,default_tblite_mixer,,
LiF,GFN1,k444,1.00000,3.9730000000,-22.568407460155,True,True,,default_tblite_mixer,,
LiF,GFN1,k444,1.02000,4.0524600000,-22.556938305117,True,True,,default_tblite_mixer,,
LiF,GFN1,k444,1.06000,4.2113800000,-22.529921430857,True,True,,default_tblite_mixer,,
LiF,GFN1,k444,1.12000,4.4497600000,-22.483957028868,True,True,,default_tblite_mixer,,
LiF,GFN1,k444,1.20000,4.7676000000,-22.419863926059,True,True,,default_tblite_mixer,,
LiF,GFN1,k444,1.30000,5.1649000000,-22.340737610060,True,True,,default_tblite_mixer,,
LiF,GFN1,k444,1.45000,5.7608500000,-22.228875277045,True,True,,default_tblite_mixer,,
LiF,GFN2,k444,0.82000,3.2578600000,-20.396934564292,True,True,,default_tblite_mixer,,
LiF,GFN2,k444,0.88000,3.4962400000,-20.556941081269,True,True,,default_tblite_mixer,,
LiF,GFN2,k444,0.94000,3.7346200000,-20.619804480340,True,True,,default_tblite_mixer,,
LiF,GFN2,k444,0.98000,3.8935400000,-20.633086862723,True,True,,default_tblite_mixer,,
LiF,GFN2,k444,1.00000,3.9730000000,-20.634454610948,True,True,,default_tblite_mixer,,
LiF,GFN2,k444,1.02000,4.0524600000,-20.633346692432,True,True,,default_tblite_mixer,,
LiF,GFN2,k444,1.06000,4.2113800000,-20.626316613336,True,True,,default_tblite_mixer,,
LiF,GFN2,k444,1.12000,4.4497600000,-20.610791805459,True,True,,default_tblite_mixer,,
LiF,GFN2,k444,1.20000,4.7676000000,-20.588628750086,True,True,,default_tblite_mixer,,
LiF,GFN2,k444,1.30000,5.1649000000,-20.558758011439,True,True,,default_tblite_mixer,,
LiF,GFN2,k444,1.45000,5.7608500000,-20.547287312294,True,True,,default_tblite_mixer,,
LiF,GXTB,k444,0.82000,3.2578600000,-430.036557353021,True,True,,native_gxtb_fdiis,,
LiF,GXTB,k444,0.88000,3.4962400000,-430.339725715621,True,True,,native_gxtb_fdiis,,
LiF,GXTB,k444,0.94000,3.7346200000,-430.382626607479,True,True,,native_gxtb_fdiis,,
LiF,GXTB,k444,0.98000,3.8935400000,-430.357753179983,True,True,,native_gxtb_fdiis,,
LiF,GXTB,k444,1.00000,3.9730000000,-430.344053644545,True,True,,native_gxtb_fdiis,,
LiF,GXTB,k444,1.02000,4.0524600000,-430.328477500577,True,True,,native_gxtb_fdiis,,
LiF,GXTB,k444,1.06000,4.2113800000,-430.290590557871,True,True,,native_gxtb_fdiis,,
LiF,GXTB,k444,1.12000,4.4497600000,-430.223233815229,True,True,,native_gxtb_fdiis,,
LiF,GXTB,k444,1.20000,4.7676000000,-430.128173913033,True,True,,native_gxtb_fdiis,,
LiF,GXTB,k444,1.30000,5.1649000000,-430.006842865764,True,True,,native_gxtb_fdiis,,
LiF,GXTB,k444,1.45000,5.7608500000,-429.860435127601,True,True,,native_gxtb_fdiis,,
LiCl,GFN1,k444,0.82000,4.1590400000,-18.924282974903,True,True,,default_tblite_mixer,,
LiCl,GFN1,k444,0.88000,4.4633600000,-19.056268160950,True,True,,default_tblite_mixer,,
LiCl,GFN1,k444,0.94000,4.7676800000,-19.089461517703,True,True,,default_tblite_mixer,,
LiCl,GFN1,k444,0.98000,4.9705600000,-19.082433211146,True,True,,default_tblite_mixer,,
LiCl,GFN1,k444,1.00000,5.0720000000,-19.073366188335,True,True,,default_tblite_mixer,,
LiCl,GFN1,k444,1.02000,5.1734400000,-19.061479540407,True,True,,default_tblite_mixer,,
LiCl,GFN1,k444,1.06000,5.3763200000,-19.031125662343,True,True,,default_tblite_mixer,,
LiCl,GFN1,k444,1.12000,5.6806400000,-18.974743350310,True,True,,default_tblite_mixer,,
LiCl,GFN1,k444,1.20000,6.0864000000,-18.892815392140,True,True,,default_tblite_mixer,,
LiCl,GFN1,k444,1.30000,6.5936000000,-18.797858051701,True,True,,default_tblite_mixer,,
LiCl,GFN1,k444,1.45000,7.3544000000,-18.713689767454,True,True,,default_tblite_mixer,,
LiCl,GFN2,k444,0.82000,4.1590400000,-19.834952145482,True,True,,default_tblite_mixer,,
LiCl,GFN2,k444,0.88000,4.4633600000,-19.965911902113,True,True,,default_tblite_mixer,,
LiCl,GFN2,k444,0.94000,4.7676800000,-20.004832944274,True,True,,default_tblite_mixer,,
LiCl,GFN2,k444,0.98000,4.9705600000,-20.000784699133,True,True,,default_tblite_mixer,,
LiCl,GFN2,k444,1.00000,5.0720000000,-19.992778526545,True,True,,default_tblite_mixer,,
LiCl,GFN2,k444,1.02000,5.1734400000,-19.981820661575,True,True,,default_tblite_mixer,,
LiCl,GFN2,k444,1.06000,5.3763200000,-19.953338615062,True,True,,default_tblite_mixer,,
LiCl,GFN2,k444,1.12000,5.6806400000,-19.907535439416,True,True,,default_tblite_mixer,,
LiCl,GFN2,k444,1.20000,6.0864000000,-19.828479189264,True,True,,default_tblite_mixer,,
LiCl,GFN2,k444,1.30000,6.5936000000,-19.778843785766,True,True,,default_tblite_mixer,,
LiCl,GFN2,k444,1.45000,7.3544000000,-19.651263174363,True,True,,default_tblite_mixer,,
LiCl,GXTB,k444,0.82000,4.1590400000,-1871.418894784665,True,True,,native_gxtb_fdiis,,
LiCl,GXTB,k444,0.88000,4.4633600000,-1871.548424152114,True,True,,native_gxtb_fdiis,,
LiCl,GXTB,k444,0.94000,4.7676800000,-1871.579090259917,True,True,,native_gxtb_fdiis,,
LiCl,GXTB,k444,0.98000,4.9705600000,-1871.569730389083,True,True,,native_gxtb_fdiis,,
LiCl,GXTB,k444,1.00000,5.0720000000,-1871.559729521850,True,True,,native_gxtb_fdiis,,
LiCl,GXTB,k444,1.02000,5.1734400000,-1871.547322649319,True,True,,native_gxtb_fdiis,,
LiCl,GXTB,k444,1.06000,5.3763200000,-1871.517541103432,True,True,,native_gxtb_fdiis,,
LiCl,GXTB,k444,1.12000,5.6806400000,-1871.463272588866,True,True,,native_gxtb_fdiis,,
LiCl,GXTB,k444,1.20000,6.0864000000,-1871.388771595046,True,True,,native_gxtb_fdiis,,
LiCl,GXTB,k444,1.30000,6.5936000000,-1871.307913403052,True,True,,native_gxtb_fdiis,,
LiCl,GXTB,k444,1.45000,7.3544000000,-1871.217112201123,True,True,,native_gxtb_fdiis,,
